truncate table user_follows_users_jt cascade;
truncate table users cascade;
truncate table yeet_has_tags cascade;
truncate table yeets cascade;
truncate table tags cascade;
truncate table yomments cascade;

insert into users (user_id, username, first_name, last_name, password_hash)
values (1, 'clemens373', 'Clemens', 'Schlipfinger', '$2a$12$LRDbhXnPTk5yQOd6aU8vUegFtKraLOyygBLr552UNdPPx90e9MGZi'),
       (2, 'trueberryless', 'Felix', 'Schneider', '$2a$12$LRDbhXnPTk5yQOd6aU8vUegFtKraLOyygBLr552UNdPPx90e9MGZi'),
       (3, 'yanik007', 'Yanik', 'Latzka', '$2a$12$LRDbhXnPTk5yQOd6aU8vUegFtKraLOyygBLr552UNdPPx90e9MGZi'),
       (4, 'adventure_seeker', 'Alex', 'Johnson', '$2a$12$LRDbhXnPTk5yQOd6aU8vUegFtKraLOyygBLr552UNdPPx90e9MGZi'),
       (5, 'bookworm123', 'Emma', 'Smith', '$2a$12$LRDbhXnPTk5yQOd6aU8vUegFtKraLOyygBLr552UNdPPx90e9MGZi'),
       (6, 'creative_soul', 'Oliver', 'Davis', '$2a$12$LRDbhXnPTk5yQOd6aU8vUegFtKraLOyygBLr552UNdPPx90e9MGZi'),
       (7, 'musiclover', 'Sophia', 'Williams', '$2a$12$LRDbhXnPTk5yQOd6aU8vUegFtKraLOyygBLr552UNdPPx90e9MGZi'),
       (8, 'travel_enthusiast', 'Mason', 'Jones', '$2a$12$LRDbhXnPTk5yQOd6aU8vUegFtKraLOyygBLr552UNdPPx90e9MGZi'),
       (9, 'art_afficionado', 'Ava', 'Taylor', '$2a$12$LRDbhXnPTk5yQOd6aU8vUegFtKraLOyygBLr552UNdPPx90e9MGZi');


insert into user_follows_users_jt (follower_id, following_id)
values (1, 2),
       (3, 2),
       (3, 1),
       (4, 2),
       (4, 3),
       (5, 4),
       (6, 1),
       (6, 2),
       (7, 6),
       (8, 4),
       (9, 7),
       (1, 8),
       (5, 9);

insert into tags (tag_id, name)
values (1, 'ice cream'),
       (2, 'mountains'),
       (3, 'politics'),
       (4, 'domestic'),
       (5, 'wizardry'),
       (6, 'beach'),
       (7, 'coding'),
       (8, 'photography'),
       (9, 'fitness'),
       (10, 'foodie'),
       (11, 'music'),
       (12, 'adventure'),
       (13, 'painting'),
       (14, 'science'),
       (15, 'fashion');

insert into yeets (yeet_id, title, body, likes, created_at, user_id)
values (1, 'Exciting Journey', 'Embarking on a new adventure. #mountains #nature', 0, current_timestamp, 2),
       (2, 'Tech Innovations', 'Exploring the latest tech innovations. #technology #innovation', 0, current_timestamp, 3),
       (3, 'Thought-provoking Read', 'Reading a thought-provoking book. #literature #philosophy', 0, current_timestamp, 1),
       (4, 'Random Musings', 'Random thoughts and musings. #random #creative', 0, current_timestamp, 2),
       (5, 'Beach Day Bliss', 'Enjoying a relaxing day at the beach. #beach #sunshine', 0, current_timestamp, 4),
       (6, 'Coding Adventures', 'Diving deep into coding challenges. #coding #programming', 0, current_timestamp, 5),
       (7, 'Capturing Moments', 'Exploring photography as an art form. #photography #creativity', 0, current_timestamp, 6),
       (8, 'Fitness Journey', 'Embracing a healthy lifestyle. #fitness #wellness', 0, current_timestamp, 4),
       (9, 'Gourmet Delights', 'Indulging in delicious food creations. #foodie #culinary', 0, current_timestamp, 5),
       (10, 'Melodies of the Soul', 'Exploring the world of music. #music #art', 0, current_timestamp, 7),
       (11, 'Epic Journeys Await', 'Planning for new adventures and discoveries. #adventure #travel', 0, current_timestamp, 8),
       (12, 'Brush Strokes of Creativity', 'Diving into the world of painting. #art #creativity', 0, current_timestamp, 9),
       (13, 'Scientific Wonders', 'Discovering the marvels of science. #science #knowledge', 0, current_timestamp, 7),
       (14, 'Fashion Forward', 'Exploring the latest trends in fashion. #fashion #style', 0, current_timestamp, 8),
       (15, 'Starry Nights', 'Stargazing under the clear night sky. #nature #stars', 0, current_timestamp, 4),
       (16, 'Coding Challenges', 'Tackling complex coding challenges. #coding #programming', 0, current_timestamp, 5),
       (17, 'Abstract Art Exploration', 'Experimenting with abstract art forms. #art #creativity', 0, current_timestamp, 6),
       (18, 'Exploring Quantum Physics', 'Delving into the mysteries of quantum physics. #science #knowledge', 0, current_timestamp, 4),
       (19, 'Runway Elegance', 'Admiring the elegance on the fashion runway. #fashion #style', 0, current_timestamp, 5),
       (20, 'Sunny Escapes', 'Enjoying a sunny day at the beach. #beach #sunshine', 0, current_timestamp, 4),
       (21, 'Game Development Insights', 'Sharing insights into game development. #gamedev #programming', 0, current_timestamp, 5),
       (22, 'Sculpting Wonders', 'Creating sculptures and exploring new art forms. #art #creativity', 0, current_timestamp, 6),
       (23, 'Astrophysics Unraveled', 'Diving deep into the mysteries of astrophysics. #science #knowledge', 0, current_timestamp, 4),
       (24, 'Street Style Vibes', 'Capturing street style trends in the city. #fashion #style', 0, current_timestamp, 5);

insert into yeet_has_tags (yeet_id, tag_id)
values (1, 1),
       (1, 2),
       (2, 3),
       (3, 2),
       (3, 5),
       (5, 6),
       (5, 7),
       (6, 7),
       (6, 8),
       (7, 8),
       (7, 10),
       (8, 9),
       (9, 10),
       (10, 11),
       (10, 13),
       (11, 12),
       (11, 15),
       (12, 13),
       (12, 15),
       (13, 14),
       (14, 15),
       (15, 2),
       (15, 5),
       (16, 7),
       (16, 8),
       (17, 13),
       (17, 15),
       (18, 14),
       (19, 15),
       (20, 6),
       (20, 7),
       (21, 7),
       (21, 8),
       (22, 13),
       (22, 15),
       (23, 14),
       (24, 15);

insert into yomments (yomment_id, yeet_id, body, likes, created_at, user_id)
values (1, 1, 'Love the mountain vibes in this yeet!', 0, current_timestamp, 1),
       (2, 1, 'Incredible tech advancements! Can"t wait to see the future.', 0, current_timestamp, 2),
       (3, 2, 'What book are you reading? I"m looking for recommendations.', 0, current_timestamp, 3),
       (4, 3, 'Great thoughts! Creativity knows no bounds.', 0, current_timestamp, 1),
       (5, 3, 'The combination of #mountains and #wizardry is intriguing!', 0, current_timestamp, 2),
       (6, 5, 'Nothing beats the sound of waves at the beach!', 0, current_timestamp, 1),
       (7, 6, 'Coding is a journey of constant learning. Keep it up!', 0, current_timestamp, 2),
       (8, 7, 'Photography is a wonderful way to express creativity.', 0, current_timestamp, 3),
       (9, 8, 'Motivated to start my fitness journey too!', 0, current_timestamp, 1),
       (10, 9, 'Those foodie hashtags have me craving some gourmet delights!', 0, current_timestamp, 2),
       (11, 10, 'Music has the power to touch the soul. Whats your favorite genre?', 0, current_timestamp, 2),
       (12, 11, 'Adventure awaits! Any specific destinations in mind?', 0, current_timestamp, 3),
       (13, 12, 'Painting is such a therapeutic and expressive form of art.', 0, current_timestamp, 1),
       (14, 13, 'Science is fascinating! Any recent discoveries that caught your interest?', 0, current_timestamp, 2),
       (15, 14, 'Fashion is a way of expressing oneself. Whats your go-to style?', 0, current_timestamp, 3),
       (16, 15, 'Starry nights are truly mesmerizing. Have you spotted any constellations?', 0, current_timestamp, 1),
       (17, 16, 'Coding challenges are a great way to enhance your programming skills.', 0, current_timestamp, 2),
       (18, 17, 'Abstract art allows for so much creativity. What inspired your latest piece?', 0, current_timestamp, 3),
       (19, 18, 'Quantum physics is mind-boggling! Any specific topics you find intriguing?', 0, current_timestamp, 1),
       (20, 19, 'Fashion runway shows are a showcase of artistic expression. Do you have a favorite designer?', 0, current_timestamp, 2),
       (21, 20, 'Sunny beach days are the best! Whats your favorite beach activity?', 0, current_timestamp, 1),
       (22, 21, 'Game development is a challenging but rewarding field. Any favorite game you''ve worked on?', 0, current_timestamp, 2),
       (23, 22, 'Sculpting is such a unique form of expression. Do you have a favorite material to work with?', 0, current_timestamp, 3),
       (24, 23, 'Astrophysics is fascinating! Are there any specific celestial phenomena that you find intriguing?', 0, current_timestamp, 1),
       (25, 24, 'Street style captures the essence of urban culture. Any fashion influencers you follow?', 0, current_timestamp, 2);

